dropnavid,results_title,image
3,Saturday AM,sat am_PNG.png
3,Saturday AM,sat am_PNG (1).png
3,Saturday AM,sat am_PNG (2).png
3,Saturday AM,sat am_PNG (3).png
4,Saturday PM,Sat Pm_PNG (1).png
4,Saturday PM,Sat Pm_PNG (2).png
4,Saturday PM,sat pm_PNG (3).png
4,Saturday PM,sat pm_PNG (4).png
5,Sunday Stableford,SUN_PNG (1).png
5,Sunday Stableford,SUN_PNG.png
6,Wednesday Wackers,WED_PNG (1).png
6,Wednesday Wackers,WED_PNG.png
7,Ladies Closing day 2023,Ladies Christmas_PNG.png
8,President's Cup 2024,PRES DRAW.png
